 ,Label,Area,Mean,Min,Max,Circ.,IntDen,RawIntDen,AR,Round,Solidity
1,ctrl-og-15000-T.jpg,3821,255,255,255,0.447,974355,974355,1.456,0.687,0.703
2,ctrl-og-15000-T.jpg,4021,255,255,255,0.620,1025355,1025355,1.623,0.616,0.882
3,ctrl-og-15000-T.jpg,6519,255,255,255,0.615,1662345,1662345,1.764,0.567,0.874
4,ctrl-og-15000-T.jpg,5205,255,255,255,0.749,1327275,1327275,1.425,0.702,0.920
5,ctrl-og-15000-T.jpg,2752,255,255,255,0.567,701760,701760,2.425,0.412,0.943
6,ctrl-og-15000-T.jpg,4583,255,255,255,0.651,1168665,1168665,1.466,0.682,0.913
7,ctrl-og-15000-T.jpg,4535,255,255,255,0.714,1156425,1156425,1.163,0.860,0.900
8,ctrl-og-15000-T.jpg,4013,255,255,255,0.636,1023315,1023315,1.832,0.546,0.898
9,ctrl-og-15000-T.jpg,3104,255,255,255,0.761,791520,791520,1.432,0.698,0.927
10,ctrl-og-15000-T.jpg,1908,255,255,255,0.603,486540,486540,1.632,0.613,0.867
11,ctrl-og-15000-T.jpg,7604,255,255,255,0.713,1939020,1939020,1.374,0.728,0.914
12,ctrl-og-15000-T.jpg,2249,255,255,255,0.734,573495,573495,1.468,0.681,0.940
13,ctrl-og-15000-T.jpg,6440,255,255,255,0.711,1642200,1642200,1.099,0.910,0.895
14,ctrl-og-15000-T.jpg,4349,255,255,255,0.818,1108995,1108995,1.124,0.890,0.952
15,ctrl-og-15000-T.jpg,9,255,255,255,0.344,2295,2295,5.619,0.178,0.581
16,ctrl-og-15000-T.jpg,5897,255,255,255,0.631,1503735,1503735,2.077,0.481,0.868
17,ctrl-og-15000-T.jpg,3465,255,255,255,0.608,883575,883575,1.724,0.580,0.878
18,ctrl-og-15000-T.jpg,2283,255,255,255,0.618,582165,582165,1.658,0.603,0.907
19,ctrl-og-15000-T.jpg,3005,255,255,255,0.800,766275,766275,1.489,0.671,0.950
20,ctrl-og-15000-T.jpg,3062,255,255,255,0.759,780810,780810,1.169,0.856,0.948
21,ctrl-og-15000-T.jpg,2161,255,255,255,0.622,551055,551055,1.019,0.981,0.850
22,ctrl-og-15000-T.jpg,2986,255,255,255,0.678,761430,761430,1.079,0.927,0.882
23,ctrl-og-15000-T.jpg,3736,255,255,255,0.588,952680,952680,2.383,0.420,0.926
24,ctrl-og-15000-T.jpg,1894,255,255,255,0.615,482970,482970,1.718,0.582,0.866
25,ctrl-og-15000-T.jpg,5862,255,255,255,0.735,1494810,1494810,1.642,0.609,0.948
26,ctrl-og-15000-T.jpg,11603,255,255,255,0.385,2958765,2958765,1.331,0.751,0.829
27,ctrl-og-15000-T.jpg,2797,255,255,255,0.532,713235,713235,3.026,0.330,0.900
28,ctrl-og-15000-T.jpg,2396,255,255,255,0.603,610980,610980,1.966,0.509,0.881
29,ctrl-og-15000-T.jpg,2121,255,255,255,0.778,540855,540855,1.367,0.731,0.920
30,ctrl-og-15000-T.jpg,2628,255,255,255,0.660,670140,670140,1.148,0.871,0.881
31,ctrl-og-15000-T.jpg,7365,255,255,255,0.725,1878075,1878075,1.053,0.950,0.897
32,ctrl-og-15000-T.jpg,3898,255,255,255,0.798,993990,993990,1.605,0.623,0.956
33,ctrl-og-15000-T.jpg,3760,255,255,255,0.618,958800,958800,2.038,0.491,0.872
34,ctrl-og-15000-T.jpg,3254,255,255,255,0.716,829770,829770,1.361,0.735,0.933
35,ctrl-og-15000-T.jpg,3785,255,255,255,0.788,965175,965175,1.427,0.701,0.953
36,ctrl-og-15000-T.jpg,6383,255,255,255,0.519,1627665,1627665,2.080,0.481,0.887
37,ctrl-og-15000-T.jpg,2274,255,255,255,0.754,579870,579870,1.565,0.639,0.947
38,ctrl-og-15000-T.jpg,5245,255,255,255,0.666,1337475,1337475,1.412,0.708,0.907
39,ctrl-og-15000-T.jpg,4930,255,255,255,0.613,1257150,1257150,1.884,0.531,0.876
40,ctrl-og-15000-T.jpg,2939,255,255,255,0.701,749445,749445,1.960,0.510,0.919
41,ctrl-og-15000-T.jpg,3270,255,255,255,0.555,833850,833850,2.289,0.437,0.805
42,ctrl-og-15000-T.jpg,5148,255,255,255,0.818,1312740,1312740,1.182,0.846,0.949
43,ctrl-og-15000-T.jpg,6864,255,255,255,0.519,1750320,1750320,1.650,0.606,0.838
44,ctrl-og-15000-T.jpg,6468,255,255,255,0.482,1649340,1649340,2.044,0.489,0.819
45,ctrl-og-15000-T.jpg,2239,255,255,255,0.471,570945,570945,2.100,0.476,0.780
46,ctrl-og-15000-T.jpg,3048,255,255,255,0.693,777240,777240,1.750,0.571,0.921
47,ctrl-og-15000-T.jpg,6857,255,255,255,0.806,1748535,1748535,1.406,0.711,0.959
48,ctrl-og-15000-T.jpg,2090,255,255,255,0.743,532950,532950,1.860,0.537,0.940
49,ctrl-og-15000-T.jpg,4201,255,255,255,0.726,1071255,1071255,1.117,0.896,0.895
50,ctrl-og-15000-T.jpg,4341,255,255,255,0.631,1106955,1106955,1.689,0.592,0.883
51,ctrl-og-15000-T.jpg,4751,255,255,255,0.670,1211505,1211505,1.232,0.811,0.863
52,ctrl-og-15000-T.jpg,4084,255,255,255,0.759,1041420,1041420,1.428,0.700,0.948
53,ctrl-og-15000-T.jpg,3636,255,255,255,0.658,927180,927180,1.812,0.552,0.910
54,ctrl-og-15000-T.jpg,6287,255,255,255,0.622,1603185,1603185,2.029,0.493,0.949
55,ctrl-og-15000-T.jpg,4473,255,255,255,0.610,1140615,1140615,1.864,0.537,0.894
56,ctrl-og-15000-T.jpg,5713,255,255,255,0.686,1456815,1456815,1.252,0.799,0.944
57,ctrl-og-15000-T.jpg,4542,255,255,255,0.725,1158210,1158210,1.121,0.892,0.899
58,ctrl-og-15000-T.jpg,6479,255,255,255,0.564,1652145,1652145,1.021,0.979,0.789
59,ctrl-og-15000-T.jpg,3844,255,255,255,0.533,980220,980220,1.996,0.501,0.810
60,ctrl-og-15000-T.jpg,8218,255,255,255,0.483,2095590,2095590,1.513,0.661,0.756
61,ctrl-og-15000-T.jpg,7828,255,255,255,0.557,1996140,1996140,2.642,0.379,0.904
62,ctrl-og-15000-T.jpg,3508,255,255,255,0.547,894540,894540,2.484,0.403,0.843
63,ctrl-og-15000-T.jpg,5505,255,255,255,0.785,1403775,1403775,1.247,0.802,0.948
64,ctrl-og-15000-T.jpg,3511,255,255,255,0.662,895305,895305,1.433,0.698,0.909
65,ctrl-og-15000-T.jpg,4075,255,255,255,0.784,1039125,1039125,1.258,0.795,0.956
66,ctrl-og-15000-T.jpg,9689,255,255,255,0.787,2470695,2470695,1.462,0.684,0.960
67,ctrl-og-15000-T.jpg,3722,255,255,255,0.699,949110,949110,1.851,0.540,0.928
68,ctrl-og-15000-T.jpg,1537,255,255,255,0.686,391935,391935,1.548,0.646,0.936
69,ctrl-og-15000-T.jpg,4755,255,255,255,0.676,1212525,1212525,1.307,0.765,0.894
70,ctrl-og-15000-T.jpg,16945,255,255,255,0.363,4320975,4320975,2.336,0.428,0.681
71,ctrl-og-15000-T.jpg,7874,255,255,255,0.640,2007870,2007870,2.152,0.465,0.946
72,ctrl-og-15000-T.jpg,5043,255,255,255,0.632,1285965,1285965,1.681,0.595,0.911
73,ctrl-og-15000-T.jpg,2442,255,255,255,0.725,622710,622710,1.420,0.704,0.927
74,ctrl-og-15000-T.jpg,2609,255,255,255,0.788,665295,665295,1.244,0.804,0.944
75,ctrl-og-15000-T.jpg,3597,255,255,255,0.727,917235,917235,1.631,0.613,0.939
76,ctrl-og-15000-T.jpg,2728,255,255,255,0.639,695640,695640,1.898,0.527,0.922
77,ctrl-og-15000-T.jpg,4125,255,255,255,0.543,1051875,1051875,2.385,0.419,0.881
78,ctrl-og-15000-T.jpg,3489,255,255,255,0.704,889695,889695,1.492,0.670,0.929
79,ctrl-og-15000-T.jpg,2760,255,255,255,0.607,703800,703800,2.129,0.470,0.925
80,ctrl-og-15000-T.jpg,4015,255,255,255,0.623,1023825,1023825,2.438,0.410,0.896
81,ctrl-og-15000-T.jpg,7483,255,255,255,0.670,1908165,1908165,1.605,0.623,0.924
82,ctrl-og-15000-T.jpg,7476,255,255,255,0.587,1906380,1906380,2.381,0.420,0.941
83,ctrl-og-15000-T.jpg,3825,255,255,255,0.590,975375,975375,1.441,0.694,0.849
84,ctrl-og-15000-T.jpg,3950,255,255,255,0.588,1007250,1007250,2.575,0.388,0.934
85,ctrl-og-15000-T.jpg,6865,255,255,255,0.727,1750575,1750575,1.850,0.541,0.954
86,ctrl-og-15000-T.jpg,2772,255,255,255,0.820,706860,706860,1.312,0.762,0.954
87,ctrl-og-15000-T.jpg,4694,255,255,255,0.744,1196970,1196970,1.132,0.884,0.921
88,ctrl-og-15000-T.jpg,1549,255,255,255,0.640,394995,394995,1.569,0.637,0.889
89,ctrl-og-15000-T.jpg,8792,255,255,255,0.622,2241960,2241960,1.980,0.505,0.921
90,ctrl-og-15000-T.jpg,4799,255,255,255,0.834,1223745,1223745,1.334,0.750,0.961
91,ctrl-og-15000-T.jpg,6485,255,255,255,0.793,1653675,1653675,1.258,0.795,0.930
92,ctrl-og-15000-T.jpg,7930,255,255,255,0.655,2022150,2022150,1.106,0.904,0.895
93,ctrl-og-15000-T.jpg,3212,255,255,255,0.598,819060,819060,1.636,0.611,0.873
94,ctrl-og-15000-T.jpg,3298,255,255,255,0.662,840990,840990,1.262,0.793,0.900
95,ctrl-og-15000-T.jpg,7323,255,255,255,0.658,1867365,1867365,1.372,0.729,0.857
96,ctrl-og-15000-T.jpg,3839,255,255,255,0.515,978945,978945,1.879,0.532,0.776
97,ctrl-og-15000-T.jpg,6562,255,255,255,0.632,1673310,1673310,1.916,0.522,0.919
98,ctrl-og-15000-T.jpg,3313,255,255,255,0.504,844815,844815,2.899,0.345,0.867
99,ctrl-og-15000-T.jpg,5227,255,255,255,0.569,1332885,1332885,1.455,0.687,0.858
100,ctrl-og-15000-T.jpg,6299,255,255,255,0.621,1606245,1606245,2.205,0.454,0.951
101,ctrl-og-15000-T.jpg,3905,255,255,255,0.682,995775,995775,1.847,0.541,0.910
102,ctrl-og-15000-T.jpg,4402,255,255,255,0.509,1122510,1122510,3.431,0.291,0.894
103,ctrl-og-15000-T.jpg,7492,255,255,255,0.648,1910460,1910460,1.408,0.710,0.912
104,ctrl-og-15000-T.jpg,6019,255,255,255,0.701,1534845,1534845,1.723,0.581,0.908
105,ctrl-og-15000-T.jpg,6125,255,255,255,0.585,1561875,1561875,2.349,0.426,0.895
106,ctrl-og-15000-T.jpg,6964,255,255,255,0.684,1775820,1775820,1.602,0.624,0.929
107,ctrl-og-15000-T.jpg,2790,255,255,255,0.690,711450,711450,1.767,0.566,0.915
108,ctrl-og-15000-T.jpg,7148,255,255,255,0.673,1822740,1822740,1.840,0.543,0.947
109,ctrl-og-15000-T.jpg,8952,255,255,255,0.352,2282760,2282760,3.144,0.318,0.752
110,ctrl-og-15000-T.jpg,2899,255,255,255,0.717,739245,739245,1.136,0.880,0.879
111,ctrl-og-15000-T.jpg,9349,255,255,255,0.631,2383995,2383995,1.606,0.623,0.893
112,ctrl-og-15000-T.jpg,8773,255,255,255,0.541,2237115,2237115,1.820,0.549,0.871
113,ctrl-og-15000-T.jpg,6708,255,255,255,0.558,1710540,1710540,1.316,0.760,0.814
114,ctrl-og-15000-T.jpg,5407,255,255,255,0.646,1378785,1378785,1.638,0.611,0.900
115,ctrl-og-15000-T.jpg,5273,255,255,255,0.612,1344615,1344615,1.504,0.665,0.893
116,ctrl-og-15000-T.jpg,9800,255,255,255,0.668,2499000,2499000,1.890,0.529,0.940
117,ctrl-og-15000-T.jpg,3232,255,255,255,0.556,824160,824160,1.384,0.723,0.833
118,ctrl-og-15000-T.jpg,8479,255,255,255,0.774,2162145,2162145,1.253,0.798,0.926
119,ctrl-og-15000-T.jpg,3931,255,255,255,0.809,1002405,1002405,1.487,0.673,0.950
120,ctrl-og-15000-T.jpg,8900,255,255,255,0.552,2269500,2269500,2.870,0.348,0.952
121,ctrl-og-15000-T.jpg,4032,255,255,255,0.695,1028160,1028160,1.180,0.848,0.911
122,ctrl-og-15000-T.jpg,2437,255,255,255,0.688,621435,621435,1.549,0.646,0.920
123,ctrl-og-15000-T.jpg,4457,255,255,255,0.831,1136535,1136535,1.089,0.918,0.950
124,ctrl-og-15000-T.jpg,3032,255,255,255,0.753,773160,773160,1.349,0.742,0.949
125,ctrl-og-15000-T.jpg,5062,255,255,255,0.563,1290810,1290810,1.935,0.517,0.848
126,ctrl-og-15000-T.jpg,3714,255,255,255,0.586,947070,947070,1.291,0.775,0.863
127,ctrl-og-15000-T.jpg,5650,255,255,255,0.591,1440750,1440750,1.676,0.597,0.866
128,ctrl-og-15000-T.jpg,3198,255,255,255,0.761,815490,815490,1.211,0.826,0.935
129,ctrl-og-15000-T.jpg,7968,255,255,255,0.624,2031840,2031840,1.217,0.822,0.833
130,ctrl-og-15000-T.jpg,3147,255,255,255,0.643,802485,802485,1.346,0.743,0.890
131,ctrl-og-15000-T.jpg,19209,255,255,255,0.454,4898295,4898295,2.766,0.361,0.817
132,ctrl-og-15000-T.jpg,5361,255,255,255,0.620,1367055,1367055,1.817,0.550,0.887
133,ctrl-og-15000-T.jpg,3541,255,255,255,0.591,902955,902955,1.485,0.673,0.854
134,ctrl-og-15000-T.jpg,7213,255,255,255,0.798,1839315,1839315,1.212,0.825,0.943
135,ctrl-og-15000-T.jpg,9008,255,255,255,0.498,2297040,2297040,1.397,0.716,0.794
136,ctrl-og-15000-T.jpg,3946,255,255,255,0.548,1006230,1006230,2.583,0.387,0.808
137,ctrl-og-15000-T.jpg,5680,255,255,255,0.506,1448400,1448400,1.866,0.536,0.795
138,ctrl-og-15000-T.jpg,3596,255,255,255,0.639,916980,916980,1.614,0.620,0.874
139,ctrl-og-15000-T.jpg,6059,255,255,255,0.614,1545045,1545045,1.099,0.910,0.859
140,ctrl-og-15000-T.jpg,3086,255,255,255,0.483,786930,786930,3.055,0.327,0.834
141,ctrl-og-15000-T.jpg,3023,255,255,255,0.766,770865,770865,1.303,0.767,0.941
142,ctrl-og-15000-T.jpg,4292,255,255,255,0.536,1094460,1094460,1.424,0.702,0.832
143,ctrl-og-15000-T.jpg,6557,255,255,255,0.777,1672035,1672035,1.426,0.701,0.940
144,ctrl-og-15000-T.jpg,11862,255,255,255,0.739,3024810,3024810,1.599,0.626,0.942
145,ctrl-og-15000-T.jpg,3837,255,255,255,0.712,978435,978435,1.522,0.657,0.910
146,ctrl-og-15000-T.jpg,5995,255,255,255,0.767,1528725,1528725,1.394,0.717,0.937
147,ctrl-og-15000-T.jpg,4776,255,255,255,0.555,1217880,1217880,1.405,0.712,0.847
148,ctrl-og-15000-T.jpg,20549,255,255,255,0.660,5239995,5239995,1.576,0.635,0.897
149,ctrl-og-15000-T.jpg,6601,255,255,255,0.858,1683255,1683255,1.201,0.833,0.969
150,ctrl-og-15000-T.jpg,3592,255,255,255,0.589,915960,915960,1.095,0.914,0.861
151,ctrl-og-15000-T.jpg,8736,255,255,255,0.361,2227680,2227680,2.066,0.484,0.740
152,ctrl-og-15000-T.jpg,11823,255,255,255,0.760,3014865,3014865,1.415,0.707,0.943
153,ctrl-og-15000-T.jpg,2085,255,255,255,0.683,531675,531675,1.697,0.589,0.923
154,ctrl-og-15000-T.jpg,5249,255,255,255,0.709,1338495,1338495,1.312,0.762,0.939
155,ctrl-og-15000-T.jpg,3099,255,255,255,0.609,790245,790245,1.662,0.602,0.874
156,ctrl-og-15000-T.jpg,21,255,255,255,0.228,5355,5355,7.732,0.129,0.538
157,ctrl-og-15000-T.jpg,26177,255,255,255,0.642,6675135,6675135,1.620,0.617,0.896
158,ctrl-og-15000-T.jpg,1,255,255,255,1.000,255,255,1.000,1.000,1.000
159,ctrl-og-15000-T.jpg,3958,255,255,255,0.684,1009290,1009290,1.394,0.717,0.922
160,ctrl-og-15000-T.jpg,1,255,255,255,1.000,255,255,1.000,1.000,1.000
161,ctrl-og-15000-T.jpg,4291,255,255,255,0.703,1094205,1094205,1.300,0.769,0.890
162,ctrl-og-15000-T.jpg,5469,255,255,255,0.715,1394595,1394595,1.310,0.763,0.925
163,ctrl-og-15000-T.jpg,4549,255,255,255,0.786,1159995,1159995,1.528,0.655,0.953
164,ctrl-og-15000-T.jpg,32,255,255,255,0.436,8160,8160,3.670,0.272,0.615
165,ctrl-og-15000-T.jpg,3134,255,255,255,0.526,799170,799170,1.803,0.555,0.804
166,ctrl-og-15000-T.jpg,4864,255,255,255,0.468,1240320,1240320,2.520,0.397,0.754
167,ctrl-og-15000-T.jpg,10,255,255,255,0.887,2550,2550,1.491,0.670,0.800
168,ctrl-og-15000-T.jpg,3432,255,255,255,0.570,875160,875160,2.256,0.443,0.893
169,ctrl-og-15000-T.jpg,8007,255,255,255,0.653,2041785,2041785,1.998,0.500,0.926
170,ctrl-og-15000-T.jpg,3281,255,255,255,0.445,836655,836655,2.665,0.375,0.799
171,ctrl-og-15000-T.jpg,14884,255,255,255,0.499,3795420,3795420,1.188,0.842,0.800
172,ctrl-og-15000-T.jpg,4145,255,255,255,0.630,1056975,1056975,1.746,0.573,0.886
173,ctrl-og-15000-T.jpg,7222,255,255,255,0.796,1841610,1841610,1.297,0.771,0.965
174,ctrl-og-15000-T.jpg,3769,255,255,255,0.784,961095,961095,1.348,0.742,0.970
175,ctrl-og-15000-T.jpg,7482,255,255,255,0.745,1907910,1907910,1.393,0.718,0.950
176,ctrl-og-15000-T.jpg,13681,255,255,255,0.510,3488655,3488655,1.465,0.682,0.804
177,ctrl-og-15000-T.jpg,5462,255,255,255,0.457,1392810,1392810,3.482,0.287,0.765
178,ctrl-og-15000-T.jpg,2521,255,255,255,0.787,642855,642855,1.520,0.658,0.950
179,ctrl-og-15000-T.jpg,2995,255,255,255,0.812,763725,763725,1.306,0.766,0.966
180,ctrl-og-15000-T.jpg,2870,255,255,255,0.560,731850,731850,1.973,0.507,0.888
181,ctrl-og-15000-T.jpg,2839,255,255,255,0.759,723945,723945,1.399,0.715,0.923
182,ctrl-og-15000-T.jpg,3578,255,255,255,0.721,912390,912390,1.964,0.509,0.953
183,ctrl-og-15000-T.jpg,2648,255,255,255,0.784,675240,675240,1.066,0.938,0.939
184,ctrl-og-15000-T.jpg,3427,255,255,255,0.701,873885,873885,1.516,0.660,0.903
185,ctrl-og-15000-T.jpg,4942,255,255,255,0.578,1260210,1260210,2.337,0.428,0.927
186,ctrl-og-15000-T.jpg,4943,255,255,255,0.662,1260465,1260465,1.553,0.644,0.901
187,ctrl-og-15000-T.jpg,9591,255,255,255,0.583,2445705,2445705,1.994,0.502,0.857
188,ctrl-og-15000-T.jpg,3546,255,255,255,0.669,904230,904230,2.234,0.448,0.919
189,ctrl-og-15000-T.jpg,4450,255,255,255,0.592,1134750,1134750,1.732,0.577,0.886
190,ctrl-og-15000-T.jpg,3474,255,255,255,0.521,885870,885870,2.669,0.375,0.894
191,ctrl-og-15000-T.jpg,11126,255,255,255,0.700,2837130,2837130,1.680,0.595,0.937
192,ctrl-og-15000-T.jpg,12797,255,255,255,0.690,3263235,3263235,1.670,0.599,0.929
193,ctrl-og-15000-T.jpg,4886,255,255,255,0.623,1245930,1245930,1.663,0.601,0.864
194,ctrl-og-15000-T.jpg,5222,255,255,255,0.545,1331610,1331610,1.364,0.733,0.845
195,ctrl-og-15000-T.jpg,27673,255,255,255,0.786,7056615,7056615,1.441,0.694,0.970
196,ctrl-og-15000-T.jpg,3603,255,255,255,0.558,918765,918765,2.479,0.403,0.820
197,ctrl-og-15000-T.jpg,10376,255,255,255,0.530,2645880,2645880,2.156,0.464,0.822
198,ctrl-og-15000-T.jpg,3205,255,255,255,0.596,817275,817275,2.747,0.364,0.911
199,ctrl-og-15000-T.jpg,5619,255,255,255,0.761,1432845,1432845,1.434,0.698,0.948
200,ctrl-og-15000-T.jpg,2831,255,255,255,0.687,721905,721905,1.651,0.606,0.891
201,ctrl-og-15000-T.jpg,11572,255,255,255,0.810,2950860,2950860,1.355,0.738,0.959
202,ctrl-og-15000-T.jpg,4810,255,255,255,0.696,1226550,1226550,1.524,0.656,0.925
203,ctrl-og-15000-T.jpg,9618,255,255,255,0.827,2452590,2452590,1.295,0.772,0.970
204,ctrl-og-15000-T.jpg,5399,255,255,255,0.772,1376745,1376745,1.457,0.686,0.933
205,ctrl-og-15000-T.jpg,3367,255,255,255,0.693,858585,858585,1.188,0.842,0.893
206,ctrl-og-15000-T.jpg,2829,255,255,255,0.751,721395,721395,1.743,0.574,0.945
207,ctrl-og-15000-T.jpg,6360,255,255,255,0.648,1621800,1621800,1.160,0.862,0.874
208,ctrl-og-15000-T.jpg,8740,255,255,255,0.443,2228700,2228700,3.181,0.314,0.764
209,ctrl-og-15000-T.jpg,4135,255,255,255,0.707,1054425,1054425,1.846,0.542,0.956
210,ctrl-og-15000-T.jpg,2825,255,255,255,0.849,720375,720375,1.516,0.660,0.962
211,ctrl-og-15000-T.jpg,8525,255,255,255,0.840,2173875,2173875,1.271,0.787,0.975
212,ctrl-og-15000-T.jpg,3459,255,255,255,0.694,882045,882045,1.485,0.674,0.908
213,ctrl-og-15000-T.jpg,7314,255,255,255,0.680,1865070,1865070,1.832,0.546,0.918
214,ctrl-og-15000-T.jpg,5496,255,255,255,0.647,1401480,1401480,1.260,0.794,0.850
215,ctrl-og-15000-T.jpg,4355,255,255,255,0.813,1110525,1110525,1.305,0.766,0.954
216,ctrl-og-15000-T.jpg,12719,255,255,255,0.545,3243345,3243345,1.502,0.666,0.809
217,ctrl-og-15000-T.jpg,6005,255,255,255,0.561,1531275,1531275,1.315,0.761,0.789
218,ctrl-og-15000-T.jpg,4905,255,255,255,0.750,1250775,1250775,1.251,0.799,0.912
219,ctrl-og-15000-T.jpg,5569,255,255,255,0.691,1420095,1420095,1.955,0.511,0.913
220,ctrl-og-15000-T.jpg,6578,255,255,255,0.710,1677390,1677390,1.096,0.913,0.889
221,ctrl-og-15000-T.jpg,3285,255,255,255,0.795,837675,837675,1.202,0.832,0.949
222,ctrl-og-15000-T.jpg,11582,255,255,255,0.710,2953410,2953410,1.098,0.911,0.904
223,ctrl-og-15000-T.jpg,3120,255,255,255,0.598,795600,795600,2.402,0.416,0.881
224,ctrl-og-15000-T.jpg,4840,255,255,255,0.827,1234200,1234200,1.187,0.842,0.957
225,ctrl-og-15000-T.jpg,3102,255,255,255,0.756,791010,791010,1.210,0.827,0.931
226,ctrl-og-15000-T.jpg,8485,255,255,255,0.643,2163675,2163675,1.650,0.606,0.879
227,ctrl-og-15000-T.jpg,8450,255,255,255,0.679,2154750,2154750,1.475,0.678,0.916
228,ctrl-og-15000-T.jpg,7974,255,255,255,0.612,2033370,2033370,1.305,0.766,0.844
229,ctrl-og-15000-T.jpg,6158,255,255,255,0.695,1570290,1570290,1.241,0.806,0.892
230,ctrl-og-15000-T.jpg,3817,255,255,255,0.690,973335,973335,2.316,0.432,0.962
231,ctrl-og-15000-T.jpg,3741,255,255,255,0.778,953955,953955,1.086,0.920,0.937
232,ctrl-og-15000-T.jpg,2674,255,255,255,0.832,681870,681870,1.283,0.779,0.946
233,ctrl-og-15000-T.jpg,7001,255,255,255,0.736,1785255,1785255,1.911,0.523,0.956
234,ctrl-og-15000-T.jpg,12391,255,255,255,0.683,3159705,3159705,1.856,0.539,0.937
235,ctrl-og-15000-T.jpg,4135,255,255,255,0.672,1054425,1054425,1.639,0.610,0.903
236,ctrl-og-15000-T.jpg,4098,255,255,255,0.782,1044990,1044990,1.503,0.665,0.942
237,ctrl-og-15000-T.jpg,5217,255,255,255,0.781,1330335,1330335,1.683,0.594,0.953
238,ctrl-og-15000-T.jpg,11420,255,255,255,0.771,2912100,2912100,1.217,0.822,0.955
239,ctrl-og-15000-T.jpg,2521,255,255,255,0.553,642855,642855,2.144,0.466,0.864
240,ctrl-og-15000-T.jpg,8770,255,255,255,0.645,2236350,2236350,1.269,0.788,0.863
241,ctrl-og-15000-T.jpg,12101,255,255,255,0.427,3085755,3085755,2.506,0.399,0.875
242,ctrl-og-15000-T.jpg,4483,255,255,255,0.685,1143165,1143165,1.618,0.618,0.903
243,ctrl-og-15000-T.jpg,5674,255,255,255,0.733,1446870,1446870,1.383,0.723,0.924
244,ctrl-og-15000-T.jpg,6467,255,255,255,0.774,1649085,1649085,1.635,0.611,0.959
245,ctrl-og-15000-T.jpg,5721,255,255,255,0.462,1458855,1458855,2.164,0.462,0.826
246,ctrl-og-15000-T.jpg,8346,255,255,255,0.742,2128230,2128230,1.358,0.737,0.960
247,ctrl-og-15000-T.jpg,2245,255,255,255,0.737,572475,572475,1.490,0.671,0.944
248,ctrl-og-15000-T.jpg,3907,255,255,255,0.504,996285,996285,2.889,0.346,0.797
249,ctrl-og-15000-T.jpg,4116,255,255,255,0.667,1049580,1049580,1.967,0.508,0.905
250,ctrl-og-15000-T.jpg,26455,255,255,255,0.263,6746025,6746025,1.435,0.697,0.608
251,ctrl-og-15000-T.jpg,5739,255,255,255,0.658,1463445,1463445,1.387,0.721,0.904
252,ctrl-og-15000-T.jpg,10112,255,255,255,0.465,2578560,2578560,2.080,0.481,0.859
253,ctrl-og-15000-T.jpg,5850,255,255,255,0.735,1491750,1491750,1.534,0.652,0.940
254,ctrl-og-15000-T.jpg,4506,255,255,255,0.652,1149030,1149030,1.975,0.506,0.935
255,ctrl-og-15000-T.jpg,6805,255,255,255,0.804,1735275,1735275,1.085,0.922,0.945
256,ctrl-og-15000-T.jpg,5631,255,255,255,0.630,1435905,1435905,1.881,0.532,0.885
257,ctrl-og-15000-T.jpg,2631,255,255,255,0.733,670905,670905,1.176,0.850,0.898
258,ctrl-og-15000-T.jpg,9677,255,255,255,0.777,2467635,2467635,1.014,0.986,0.950
259,ctrl-og-15000-T.jpg,5967,255,255,255,0.869,1521585,1521585,1.165,0.859,0.976
260,ctrl-og-15000-T.jpg,6938,255,255,255,0.648,1769190,1769190,1.959,0.510,0.916
261,ctrl-og-15000-T.jpg,4720,255,255,255,0.762,1203600,1203600,1.239,0.807,0.923
262,ctrl-og-15000-T.jpg,3378,255,255,255,0.719,861390,861390,1.399,0.715,0.911
263,ctrl-og-15000-T.jpg,5836,255,255,255,0.861,1488180,1488180,1.114,0.897,0.964
264,ctrl-og-15000-T.jpg,4336,255,255,255,0.755,1105680,1105680,1.819,0.550,0.950
265,ctrl-og-15000-T.jpg,3660,255,255,255,0.671,933300,933300,1.511,0.662,0.905
266,ctrl-og-15000-T.jpg,6825,255,255,255,0.429,1740375,1740375,2.932,0.341,0.823
267,ctrl-og-15000-T.jpg,9525,255,255,255,0.749,2428875,2428875,1.105,0.905,0.926
268,ctrl-og-15000-T.jpg,3519,255,255,255,0.594,897345,897345,1.964,0.509,0.875
269,ctrl-og-15000-T.jpg,5025,255,255,255,0.685,1281375,1281375,1.616,0.619,0.898
270,ctrl-og-15000-T.jpg,4982,255,255,255,0.339,1270410,1270410,1.624,0.616,0.726
271,ctrl-og-15000-T.jpg,10669,255,255,255,0.559,2720595,2720595,1.203,0.831,0.828
272,ctrl-og-15000-T.jpg,4124,255,255,255,0.688,1051620,1051620,1.953,0.512,0.927
273,ctrl-og-15000-T.jpg,5019,255,255,255,0.774,1279845,1279845,1.298,0.770,0.952
274,ctrl-og-15000-T.jpg,3899,255,255,255,0.621,994245,994245,1.909,0.524,0.943
275,ctrl-og-15000-T.jpg,2056,255,255,255,0.634,524280,524280,1.976,0.506,0.923
276,ctrl-og-15000-T.jpg,10956,255,255,255,0.500,2793780,2793780,2.793,0.358,0.813
277,ctrl-og-15000-T.jpg,5208,255,255,255,0.595,1328040,1328040,2.053,0.487,0.862
278,ctrl-og-15000-T.jpg,4159,255,255,255,0.716,1060545,1060545,1.542,0.649,0.932
279,ctrl-og-15000-T.jpg,5265,255,255,255,0.773,1342575,1342575,1.647,0.607,0.964
280,ctrl-og-15000-T.jpg,2097,255,255,255,0.528,534735,534735,3.232,0.309,0.875
281,ctrl-og-15000-T.jpg,7353,255,255,255,0.471,1875015,1875015,1.314,0.761,0.756
282,ctrl-og-15000-T.jpg,5117,255,255,255,0.851,1304835,1304835,1.281,0.780,0.966
283,ctrl-og-15000-T.jpg,4378,255,255,255,0.785,1116390,1116390,1.402,0.713,0.957
284,ctrl-og-15000-T.jpg,3852,255,255,255,0.626,982260,982260,2.132,0.469,0.870
285,ctrl-og-15000-T.jpg,10344,255,255,255,0.668,2637720,2637720,1.663,0.601,0.911
286,ctrl-og-15000-T.jpg,4989,255,255,255,0.637,1272195,1272195,1.219,0.820,0.857
287,ctrl-og-15000-T.jpg,5260,255,255,255,0.525,1341300,1341300,1.027,0.974,0.760
288,ctrl-og-15000-T.jpg,3091,255,255,255,0.609,788205,788205,2.632,0.380,0.935
289,ctrl-og-15000-T.jpg,15664,255,255,255,0.821,3994320,3994320,1.119,0.894,0.970
290,ctrl-og-15000-T.jpg,11194,255,255,255,0.723,2854470,2854470,1.895,0.528,0.945
291,ctrl-og-15000-T.jpg,4263,255,255,255,0.724,1087065,1087065,1.882,0.531,0.929
292,ctrl-og-15000-T.jpg,4265,255,255,255,0.693,1087575,1087575,1.184,0.845,0.917
293,ctrl-og-15000-T.jpg,5494,255,255,255,0.533,1400970,1400970,1.469,0.681,0.828
294,ctrl-og-15000-T.jpg,5913,255,255,255,0.777,1507815,1507815,1.255,0.797,0.937
295,ctrl-og-15000-T.jpg,4757,255,255,255,0.723,1213035,1213035,1.271,0.787,0.937
296,ctrl-og-15000-T.jpg,4673,255,255,255,0.726,1191615,1191615,1.616,0.619,0.935
297,ctrl-og-15000-T.jpg,3167,255,255,255,0.561,807585,807585,1.607,0.622,0.868
298,ctrl-og-15000-T.jpg,5675,255,255,255,0.629,1447125,1447125,1.521,0.658,0.873
299,ctrl-og-15000-T.jpg,5335,255,255,255,0.513,1360425,1360425,3.450,0.290,0.879
300,ctrl-og-15000-T.jpg,7779,255,255,255,0.568,1983645,1983645,1.592,0.628,0.792
301,ctrl-og-15000-T.jpg,3275,255,255,255,0.565,835125,835125,1.950,0.513,0.882
302,ctrl-og-15000-T.jpg,4945,255,255,255,0.411,1260975,1260975,3.868,0.259,0.836
303,ctrl-og-15000-T.jpg,5865,255,255,255,0.687,1495575,1495575,1.881,0.532,0.935
304,ctrl-og-15000-T.jpg,5714,255,255,255,0.622,1457070,1457070,2.345,0.426,0.940
305,ctrl-og-15000-T.jpg,6072,255,255,255,0.648,1548360,1548360,1.661,0.602,0.904
306,ctrl-og-15000-T.jpg,6358,255,255,255,0.733,1621290,1621290,1.402,0.713,0.919
307,ctrl-og-15000-T.jpg,10598,255,255,255,0.779,2702490,2702490,1.256,0.796,0.931
308,ctrl-og-15000-T.jpg,6808,255,255,255,0.745,1736040,1736040,1.787,0.560,0.939
309,ctrl-og-15000-T.jpg,5875,255,255,255,0.724,1498125,1498125,1.200,0.833,0.913
310,ctrl-og-15000-T.jpg,5216,255,255,255,0.749,1330080,1330080,1.460,0.685,0.945
311,ctrl-og-15000-T.jpg,3533,255,255,255,0.609,900915,900915,1.659,0.603,0.879
312,ctrl-og-15000-T.jpg,5285,255,255,255,0.656,1347675,1347675,1.881,0.532,0.914
313,ctrl-og-15000-T.jpg,16250,255,255,255,0.721,4143750,4143750,1.530,0.653,0.932
314,ctrl-og-15000-T.jpg,4390,255,255,255,0.820,1119450,1119450,1.668,0.599,0.971
315,ctrl-og-15000-T.jpg,3664,255,255,255,0.633,934320,934320,1.493,0.670,0.889
316,ctrl-og-15000-T.jpg,5988,255,255,255,0.720,1526940,1526940,1.523,0.656,0.909
317,ctrl-og-15000-T.jpg,2590,255,255,255,0.599,660450,660450,1.653,0.605,0.865
318,ctrl-og-15000-T.jpg,7623,255,255,255,0.466,1943865,1943865,2.736,0.365,0.809
319,ctrl-og-15000-T.jpg,3004,255,255,255,0.698,766020,766020,2.264,0.442,0.925
320,ctrl-og-15000-T.jpg,5282,255,255,255,0.758,1346910,1346910,1.558,0.642,0.949
321,ctrl-og-15000-T.jpg,5802,255,255,255,0.748,1479510,1479510,1.551,0.645,0.951
322,ctrl-og-15000-T.jpg,4484,255,255,255,0.571,1143420,1143420,1.035,0.966,0.849
323,ctrl-og-15000-T.jpg,8304,255,255,255,0.617,2117520,2117520,2.124,0.471,0.895
324,ctrl-og-15000-T.jpg,7288,255,255,255,0.754,1858440,1858440,1.360,0.735,0.943
325,ctrl-og-15000-T.jpg,8375,255,255,255,0.705,2135625,2135625,1.145,0.874,0.911
326,ctrl-og-15000-T.jpg,8901,255,255,255,0.345,2269755,2269755,2.952,0.339,0.694
327,ctrl-og-15000-T.jpg,4486,255,255,255,0.771,1143930,1143930,1.610,0.621,0.962
328,ctrl-og-15000-T.jpg,2754,255,255,255,0.700,702270,702270,1.834,0.545,0.936
329,ctrl-og-15000-T.jpg,3022,255,255,255,0.779,770610,770610,1.064,0.940,0.942
330,ctrl-og-15000-T.jpg,5769,255,255,255,0.789,1471095,1471095,1.530,0.654,0.962
331,ctrl-og-15000-T.jpg,6105,255,255,255,0.267,1556775,1556775,2.133,0.469,0.619
332,ctrl-og-15000-T.jpg,6761,255,255,255,0.796,1724055,1724055,1.462,0.684,0.959
333,ctrl-og-15000-T.jpg,153,255,255,255,0.845,39015,39015,1.012,0.988,0.807
334,ctrl-og-15000-T.jpg,152,255,255,255,0.840,38760,38760,1.006,0.994,0.802
335,ctrl-og-15000-T.jpg,14355,255,255,255,0.753,3660525,3660525,1.353,0.739,0.933
336,ctrl-og-15000-T.jpg,4206,255,255,255,0.564,1072530,1072530,1.232,0.812,0.808
337,ctrl-og-15000-T.jpg,7505,255,255,255,0.623,1913775,1913775,2.018,0.496,0.918
338,ctrl-og-15000-T.jpg,11947,255,255,255,0.756,3046485,3046485,1.330,0.752,0.932
339,ctrl-og-15000-T.jpg,6258,255,255,255,0.730,1595790,1595790,1.424,0.702,0.921
340,ctrl-og-15000-T.jpg,6840,255,255,255,0.687,1744200,1744200,1.547,0.646,0.923
341,ctrl-og-15000-T.jpg,3641,255,255,255,0.660,928455,928455,1.534,0.652,0.929
342,ctrl-og-15000-T.jpg,9447,255,255,255,0.689,2408985,2408985,1.841,0.543,0.930
343,ctrl-og-15000-T.jpg,6989,255,255,255,0.706,1782195,1782195,1.218,0.821,0.926
344,ctrl-og-15000-T.jpg,3385,255,255,255,0.756,863175,863175,1.242,0.805,0.918
345,ctrl-og-15000-T.jpg,5256,255,255,255,0.738,1340280,1340280,1.609,0.622,0.938
346,ctrl-og-15000-T.jpg,13313,255,255,255,0.826,3394815,3394815,1.186,0.843,0.961
347,ctrl-og-15000-T.jpg,5396,255,255,255,0.729,1375980,1375980,1.359,0.736,0.899
348,ctrl-og-15000-T.jpg,6490,255,255,255,0.355,1654950,1654950,1.858,0.538,0.774
349,ctrl-og-15000-T.jpg,11108,255,255,255,0.650,2832540,2832540,1.647,0.607,0.902
350,ctrl-og-15000-T.jpg,5905,255,255,255,0.517,1505775,1505775,1.046,0.956,0.773
351,ctrl-og-15000-T.jpg,14819,255,255,255,0.561,3778845,3778845,2.337,0.428,0.871
352,ctrl-og-15000-T.jpg,8108,255,255,255,0.715,2067540,2067540,1.100,0.909,0.898
353,ctrl-og-15000-T.jpg,8404,255,255,255,0.536,2143020,2143020,2.317,0.432,0.925
354,ctrl-og-15000-T.jpg,15700,255,255,255,0.669,4003500,4003500,1.066,0.938,0.906
355,ctrl-og-15000-T.jpg,7098,255,255,255,0.684,1809990,1809990,1.619,0.617,0.885
356,ctrl-og-15000-T.jpg,5412,255,255,255,0.767,1380060,1380060,1.271,0.787,0.932
357,ctrl-og-15000-T.jpg,16565,255,255,255,0.407,4224075,4224075,1.717,0.582,0.708
358,ctrl-og-15000-T.jpg,3996,255,255,255,0.731,1018980,1018980,1.571,0.637,0.921
359,ctrl-og-15000-T.jpg,5338,255,255,255,0.608,1361190,1361190,2.035,0.491,0.894
360,ctrl-og-15000-T.jpg,2810,255,255,255,0.702,716550,716550,1.107,0.903,0.919
361,ctrl-og-15000-T.jpg,4474,255,255,255,0.791,1140870,1140870,1.454,0.688,0.944
362,ctrl-og-15000-T.jpg,2249,255,255,255,0.625,573495,573495,1.491,0.671,0.889
363,ctrl-og-15000-T.jpg,6531,255,255,255,0.854,1665405,1665405,1.140,0.877,0.968
364,ctrl-og-15000-T.jpg,3110,255,255,255,0.716,793050,793050,1.461,0.685,0.916
365,ctrl-og-15000-T.jpg,3690,255,255,255,0.761,940950,940950,1.210,0.826,0.942
366,ctrl-og-15000-T.jpg,2483,255,255,255,0.698,633165,633165,2.224,0.450,0.954
367,ctrl-og-15000-T.jpg,4059,255,255,255,0.574,1035045,1035045,1.437,0.696,0.839
368,ctrl-og-15000-T.jpg,7443,255,255,255,0.731,1897965,1897965,1.759,0.569,0.949
369,ctrl-og-15000-T.jpg,8103,255,255,255,0.533,2066265,2066265,1.122,0.891,0.800
370,ctrl-og-15000-T.jpg,5304,255,255,255,0.774,1352520,1352520,1.415,0.707,0.972
371,ctrl-og-15000-T.jpg,7584,255,255,255,0.779,1933920,1933920,1.094,0.914,0.940
372,ctrl-og-15000-T.jpg,4406,255,255,255,0.691,1123530,1123530,1.721,0.581,0.929
373,ctrl-og-15000-T.jpg,5045,255,255,255,0.556,1286475,1286475,1.292,0.774,0.804
374,ctrl-og-15000-T.jpg,4978,255,255,255,0.761,1269390,1269390,1.572,0.636,0.929
375,ctrl-og-15000-T.jpg,13239,255,255,255,0.746,3375945,3375945,1.359,0.736,0.946
376,ctrl-og-15000-T.jpg,5423,255,255,255,0.733,1382865,1382865,1.694,0.590,0.959
377,ctrl-og-15000-T.jpg,12001,255,255,255,0.516,3060255,3060255,1.965,0.509,0.860
378,ctrl-og-15000-T.jpg,18824,255,255,255,0.318,4800120,4800120,2.196,0.455,0.864
379,ctrl-og-15000-T.jpg,4184,255,255,255,0.754,1066920,1066920,1.389,0.720,0.934
380,ctrl-og-15000-T.jpg,5104,255,255,255,0.666,1301520,1301520,1.426,0.701,0.880
381,ctrl-og-15000-T.jpg,3949,255,255,255,0.664,1006995,1006995,1.916,0.522,0.917
382,ctrl-og-15000-T.jpg,6917,255,255,255,0.794,1763835,1763835,1.292,0.774,0.942
383,ctrl-og-15000-T.jpg,4895,255,255,255,0.669,1248225,1248225,1.459,0.685,0.873
384,ctrl-og-15000-T.jpg,3797,255,255,255,0.616,968235,968235,2.161,0.463,0.929
385,ctrl-og-15000-T.jpg,6230,255,255,255,0.621,1588650,1588650,2.210,0.452,0.948
386,ctrl-og-15000-T.jpg,4364,255,255,255,0.684,1112820,1112820,1.364,0.733,0.919
387,ctrl-og-15000-T.jpg,3855,255,255,255,0.572,983025,983025,1.545,0.647,0.872
388,ctrl-og-15000-T.jpg,4550,255,255,255,0.785,1160250,1160250,1.589,0.629,0.950
389,ctrl-og-15000-T.jpg,4698,255,255,255,0.664,1197990,1197990,1.137,0.879,0.876
390,ctrl-og-15000-T.jpg,3883,255,255,255,0.793,990165,990165,1.577,0.634,0.948
391,ctrl-og-15000-T.jpg,4083,255,255,255,0.663,1041165,1041165,1.364,0.733,0.896
392,ctrl-og-15000-T.jpg,6314,255,255,255,0.797,1610070,1610070,1.200,0.833,0.933
393,ctrl-og-15000-T.jpg,3825,255,255,255,0.686,975375,975375,1.242,0.805,0.900
394,ctrl-og-15000-T.jpg,6253,255,255,255,0.714,1594515,1594515,1.253,0.798,0.899
395,ctrl-og-15000-T.jpg,3316,255,255,255,0.776,845580,845580,1.397,0.716,0.951
396,ctrl-og-15000-T.jpg,10143,255,255,255,0.690,2586465,2586465,1.026,0.975,0.892
397,ctrl-og-15000-T.jpg,4131,255,255,255,0.634,1053405,1053405,1.930,0.518,0.929
398,ctrl-og-15000-T.jpg,5143,255,255,255,0.766,1311465,1311465,1.588,0.630,0.939
399,ctrl-og-15000-T.jpg,3364,255,255,255,0.714,857820,857820,1.346,0.743,0.916
400,ctrl-og-15000-T.jpg,7238,255,255,255,0.746,1845690,1845690,1.322,0.756,0.911
401,ctrl-og-15000-T.jpg,3348,255,255,255,0.673,853740,853740,1.770,0.565,0.900
402,ctrl-og-15000-T.jpg,5966,255,255,255,0.783,1521330,1521330,1.238,0.808,0.940
403,ctrl-og-15000-T.jpg,4843,255,255,255,0.554,1234965,1234965,2.123,0.471,0.877
404,ctrl-og-15000-T.jpg,8287,255,255,255,0.502,2113185,2113185,2.838,0.352,0.927
405,ctrl-og-15000-T.jpg,4170,255,255,255,0.683,1063350,1063350,2.051,0.488,0.929
406,ctrl-og-15000-T.jpg,2614,255,255,255,0.650,666570,666570,1.438,0.695,0.913
407,ctrl-og-15000-T.jpg,5863,255,255,255,0.395,1495065,1495065,3.949,0.253,0.766
408,ctrl-og-15000-T.jpg,9462,255,255,255,0.749,2412810,2412810,1.573,0.636,0.961
409,ctrl-og-15000-T.jpg,4061,255,255,255,0.706,1035555,1035555,1.221,0.819,0.915
410,ctrl-og-15000-T.jpg,12238,255,255,255,0.852,3120690,3120690,1.120,0.893,0.973
411,ctrl-og-15000-T.jpg,32940,255,255,255,0.396,8399700,8399700,3.010,0.332,0.848
412,ctrl-og-15000-T.jpg,5214,255,255,255,0.489,1329570,1329570,2.478,0.403,0.855
413,ctrl-og-15000-T.jpg,2409,255,255,255,0.602,614295,614295,2.526,0.396,0.925
414,ctrl-og-15000-T.jpg,4469,255,255,255,0.736,1139595,1139595,1.543,0.648,0.951
415,ctrl-og-15000-T.jpg,3915,255,255,255,0.734,998325,998325,1.709,0.585,0.919
416,ctrl-og-15000-T.jpg,4676,255,255,255,0.809,1192380,1192380,1.165,0.858,0.942
417,ctrl-og-15000-T.jpg,5944,255,255,255,0.757,1515720,1515720,1.351,0.740,0.951
418,ctrl-og-15000-T.jpg,11859,255,255,255,0.722,3024045,3024045,1.315,0.760,0.905
419,ctrl-og-15000-T.jpg,8615,255,255,255,0.791,2196825,2196825,1.431,0.699,0.960
420,ctrl-og-15000-T.jpg,3294,255,255,255,0.826,839970,839970,1.231,0.812,0.949
421,ctrl-og-15000-T.jpg,4641,255,255,255,0.733,1183455,1183455,1.588,0.630,0.930
422,ctrl-og-15000-T.jpg,3687,255,255,255,0.825,940185,940185,1.399,0.715,0.960
423,ctrl-og-15000-T.jpg,4950,255,255,255,0.674,1262250,1262250,1.486,0.673,0.905
424,ctrl-og-15000-T.jpg,10374,255,255,255,0.695,2645370,2645370,1.494,0.669,0.936
425,ctrl-og-15000-T.jpg,5054,255,255,255,0.854,1288770,1288770,1.137,0.879,0.966
426,ctrl-og-15000-T.jpg,6575,255,255,255,0.793,1676625,1676625,1.378,0.726,0.952
427,ctrl-og-15000-T.jpg,9179,255,255,255,0.736,2340645,2340645,1.411,0.709,0.935
428,ctrl-og-15000-T.jpg,3163,255,255,255,0.678,806565,806565,1.293,0.773,0.865
429,ctrl-og-15000-T.jpg,6984,255,255,255,0.546,1780920,1780920,2.840,0.352,0.933
430,ctrl-og-15000-T.jpg,11936,255,255,255,0.757,3043680,3043680,1.536,0.651,0.957
431,ctrl-og-15000-T.jpg,3157,255,255,255,0.817,805035,805035,1.454,0.688,0.964
432,ctrl-og-15000-T.jpg,5650,255,255,255,0.801,1440750,1440750,1.358,0.736,0.957
433,ctrl-og-15000-T.jpg,12757,255,255,255,0.774,3253035,3253035,1.171,0.854,0.957
434,ctrl-og-15000-T.jpg,4354,255,255,255,0.665,1110270,1110270,1.490,0.671,0.910
435,ctrl-og-15000-T.jpg,4422,255,255,255,0.794,1127610,1127610,1.515,0.660,0.951
436,ctrl-og-15000-T.jpg,3015,255,255,255,0.828,768825,768825,1.532,0.653,0.962
437,ctrl-og-15000-T.jpg,9950,255,255,255,0.702,2537250,2537250,1.401,0.714,0.897
438,ctrl-og-15000-T.jpg,5645,255,255,255,0.727,1439475,1439475,1.376,0.727,0.900
439,ctrl-og-15000-T.jpg,6233,255,255,255,0.645,1589415,1589415,2.187,0.457,0.940
440,ctrl-og-15000-T.jpg,5343,255,255,255,0.808,1362465,1362465,1.306,0.766,0.950
441,ctrl-og-15000-T.jpg,3789,255,255,255,0.717,966195,966195,1.389,0.720,0.904
442,ctrl-og-15000-T.jpg,11148,255,255,255,0.432,2842740,2842740,1.480,0.676,0.730
443,ctrl-og-15000-T.jpg,7607,255,255,255,0.703,1939785,1939785,1.387,0.721,0.919
444,ctrl-og-15000-T.jpg,9409,255,255,255,0.713,2399295,2399295,1.380,0.725,0.910
445,ctrl-og-15000-T.jpg,5397,255,255,255,0.735,1376235,1376235,1.283,0.779,0.915
446,ctrl-og-15000-T.jpg,6276,255,255,255,0.709,1600380,1600380,1.107,0.903,0.915
447,ctrl-og-15000-T.jpg,6033,255,255,255,0.715,1538415,1538415,1.252,0.799,0.928
448,ctrl-og-15000-T.jpg,7873,255,255,255,0.717,2007615,2007615,1.682,0.595,0.952
449,ctrl-og-15000-T.jpg,4384,255,255,255,0.529,1117920,1117920,2.729,0.366,0.839
450,ctrl-og-15000-T.jpg,4856,255,255,255,0.704,1238280,1238280,1.203,0.831,0.884
451,ctrl-og-15000-T.jpg,5530,255,255,255,0.763,1410150,1410150,1.222,0.818,0.921
452,ctrl-og-15000-T.jpg,3696,255,255,255,0.746,942480,942480,1.793,0.558,0.942
453,ctrl-og-15000-T.jpg,5114,255,255,255,0.808,1304070,1304070,1.178,0.849,0.942
454,ctrl-og-15000-T.jpg,4121,255,255,255,0.778,1050855,1050855,1.505,0.664,0.947
455,ctrl-og-15000-T.jpg,4234,255,255,255,0.669,1079670,1079670,1.842,0.543,0.928
456,ctrl-og-15000-T.jpg,3744,255,255,255,0.711,954720,954720,1.766,0.566,0.945
457,ctrl-og-15000-T.jpg,13547,255,255,255,0.596,3454485,3454485,1.356,0.737,0.824
458,ctrl-og-15000-T.jpg,3027,255,255,255,0.521,771885,771885,1.624,0.616,0.772
459,ctrl-og-15000-T.jpg,3503,255,255,255,0.426,893265,893265,2.353,0.425,0.789
460,ctrl-og-15000-T.jpg,4094,255,255,255,0.828,1043970,1043970,1.029,0.972,0.953
461,ctrl-og-15000-T.jpg,3364,255,255,255,0.442,857820,857820,2.566,0.390,0.764
462,ctrl-og-15000-T.jpg,5486,255,255,255,0.552,1398930,1398930,2.787,0.359,0.879
463,ctrl-og-15000-T.jpg,13135,255,255,255,0.504,3349425,3349425,2.304,0.434,0.866
464,ctrl-og-15000-T.jpg,3849,255,255,255,0.751,981495,981495,1.565,0.639,0.927
465,ctrl-og-15000-T.jpg,4545,255,255,255,0.579,1158975,1158975,1.595,0.627,0.848
466,ctrl-og-15000-T.jpg,5479,255,255,255,0.750,1397145,1397145,1.156,0.865,0.941
467,ctrl-og-15000-T.jpg,2515,255,255,255,0.714,641325,641325,1.496,0.668,0.920
468,ctrl-og-15000-T.jpg,6545,255,255,255,0.635,1668975,1668975,1.978,0.506,0.870
469,ctrl-og-15000-T.jpg,6469,255,255,255,0.559,1649595,1649595,2.784,0.359,0.912
470,ctrl-og-15000-T.jpg,11960,255,255,255,0.789,3049800,3049800,1.158,0.863,0.940
471,ctrl-og-15000-T.jpg,2712,255,255,255,0.655,691560,691560,1.489,0.672,0.924
472,ctrl-og-15000-T.jpg,4890,255,255,255,0.767,1246950,1246950,1.341,0.746,0.932
473,ctrl-og-15000-T.jpg,4535,255,255,255,0.631,1156425,1156425,1.707,0.586,0.885
474,ctrl-og-15000-T.jpg,3713,255,255,255,0.810,946815,946815,1.267,0.790,0.943
475,ctrl-og-15000-T.jpg,17326,255,255,255,0.807,4418130,4418130,1.122,0.891,0.951
476,ctrl-og-15000-T.jpg,6015,255,255,255,0.590,1533825,1533825,1.313,0.762,0.832
477,ctrl-og-15000-T.jpg,5189,255,255,255,0.767,1323195,1323195,1.304,0.767,0.947
478,ctrl-og-15000-T.jpg,32237,255,255,255,0.750,8220435,8220435,1.092,0.916,0.949
479,ctrl-og-15000-T.jpg,3100,255,255,255,0.609,790500,790500,1.988,0.503,0.901
480,ctrl-og-15000-T.jpg,15000,255,255,255,0.688,3825000,3825000,1.303,0.767,0.902
481,ctrl-og-15000-T.jpg,2099,255,255,255,0.635,535245,535245,1.893,0.528,0.895
482,ctrl-og-15000-T.jpg,4410,255,255,255,0.699,1124550,1124550,1.751,0.571,0.946
483,ctrl-og-15000-T.jpg,7175,255,255,255,0.677,1829625,1829625,1.541,0.649,0.895
484,ctrl-og-15000-T.jpg,7981,255,255,255,0.379,2035155,2035155,1.667,0.600,0.783
485,ctrl-og-15000-T.jpg,2097,255,255,255,0.541,534735,534735,1.346,0.743,0.763
486,ctrl-og-15000-T.jpg,5400,255,255,255,0.654,1377000,1377000,1.980,0.505,0.923
487,ctrl-og-15000-T.jpg,4703,255,255,255,0.643,1199265,1199265,1.618,0.618,0.865
488,ctrl-og-15000-T.jpg,29928,255,255,255,0.674,7631640,7631640,1.223,0.818,0.886
489,ctrl-og-15000-T.jpg,7807,255,255,255,0.490,1990785,1990785,3.208,0.312,0.917
490,ctrl-og-15000-T.jpg,5760,255,255,255,0.611,1468800,1468800,2.059,0.486,0.888
491,ctrl-og-15000-T.jpg,10663,255,255,255,0.683,2719065,2719065,1.354,0.738,0.908
492,ctrl-og-15000-T.jpg,13289,255,255,255,0.558,3388695,3388695,1.332,0.751,0.834
493,ctrl-og-15000-T.jpg,17478,255,255,255,0.759,4456890,4456890,1.342,0.745,0.944
494,ctrl-og-15000-T.jpg,2597,255,255,255,0.690,662235,662235,1.929,0.518,0.920
495,ctrl-og-15000-T.jpg,3953,255,255,255,0.753,1008015,1008015,1.378,0.726,0.956
496,ctrl-og-15000-T.jpg,5525,255,255,255,0.713,1408875,1408875,1.626,0.615,0.917
497,ctrl-og-15000-T.jpg,3886,255,255,255,0.721,990930,990930,1.239,0.807,0.951
498,ctrl-og-15000-T.jpg,10476,255,255,255,0.582,2671380,2671380,1.807,0.553,0.877
499,ctrl-og-15000-T.jpg,2367,255,255,255,0.638,603585,603585,1.208,0.828,0.899
500,ctrl-og-15000-T.jpg,4497,255,255,255,0.508,1146735,1146735,2.343,0.427,0.825
501,ctrl-og-15000-T.jpg,9808,255,255,255,0.792,2501040,2501040,1.208,0.828,0.937
502,ctrl-og-15000-T.jpg,15369,255,255,255,0.331,3919095,3919095,2.553,0.392,0.712
503,ctrl-og-15000-T.jpg,5719,255,255,255,0.599,1458345,1458345,1.902,0.526,0.860
504,ctrl-og-15000-T.jpg,8765,255,255,255,0.536,2235075,2235075,1.789,0.559,0.804
505,ctrl-og-15000-T.jpg,3416,255,255,255,0.510,871080,871080,2.092,0.478,0.791
506,ctrl-og-15000-T.jpg,4595,255,255,255,0.646,1171725,1171725,1.870,0.535,0.894
507,ctrl-og-15000-T.jpg,9547,255,255,255,0.443,2434485,2434485,1.898,0.527,0.729
508,ctrl-og-15000-T.jpg,22155,255,255,255,0.488,5649525,5649525,1.564,0.639,0.876
509,ctrl-og-15000-T.jpg,11046,255,255,255,0.738,2816730,2816730,1.501,0.666,0.948
510,ctrl-og-15000-T.jpg,7602,255,255,255,0.387,1938510,1938510,2.274,0.440,0.675
511,ctrl-og-15000-T.jpg,5126,255,255,255,0.779,1307130,1307130,1.264,0.791,0.941
512,ctrl-og-15000-T.jpg,3892,255,255,255,0.659,992460,992460,1.836,0.545,0.927
513,ctrl-og-15000-T.jpg,8189,255,255,255,0.683,2088195,2088195,1.435,0.697,0.890
514,ctrl-og-15000-T.jpg,28626,255,255,255,0.604,7299630,7299630,1.356,0.737,0.859
515,ctrl-og-15000-T.jpg,2588,255,255,255,0.541,659940,659940,2.180,0.459,0.869
516,ctrl-og-15000-T.jpg,12289,255,255,255,0.235,3133695,3133695,2.345,0.426,0.760
517,ctrl-og-15000-T.jpg,2519,255,255,255,0.659,642345,642345,1.977,0.506,0.913
518,ctrl-og-15000-T.jpg,27540,255,255,255,0.403,7022700,7022700,2.155,0.464,0.763
519,ctrl-og-15000-T.jpg,7235,255,255,255,0.615,1844925,1844925,1.821,0.549,0.889
520,ctrl-og-15000-T.jpg,1774,255,255,255,0.774,452370,452370,1.761,0.568,0.944
521,ctrl-og-15000-T.jpg,3589,255,255,255,0.620,915195,915195,2.100,0.476,0.900
522,ctrl-og-15000-T.jpg,7834,255,255,255,0.766,1997670,1997670,1.133,0.883,0.926
523,ctrl-og-15000-T.jpg,3904,255,255,255,0.597,995520,995520,2.008,0.498,0.850
524,ctrl-og-15000-T.jpg,9799,255,255,255,0.721,2498745,2498745,1.096,0.912,0.919
525,ctrl-og-15000-T.jpg,11513,255,255,255,0.635,2935815,2935815,1.409,0.710,0.867
526,ctrl-og-15000-T.jpg,3642,255,255,255,0.607,928710,928710,1.725,0.580,0.902
527,ctrl-og-15000-T.jpg,10578,255,255,255,0.513,2697390,2697390,1.601,0.625,0.877
528,ctrl-og-15000-T.jpg,4098,255,255,255,0.612,1044990,1044990,2.210,0.453,0.940
529,ctrl-og-15000-T.jpg,15424,255,255,255,0.768,3933120,3933120,1.137,0.879,0.940
530,ctrl-og-15000-T.jpg,7649,255,255,255,0.795,1950495,1950495,1.144,0.874,0.953
531,ctrl-og-15000-T.jpg,10974,255,255,255,0.465,2798370,2798370,1.804,0.554,0.780
532,ctrl-og-15000-T.jpg,4126,255,255,255,0.558,1052130,1052130,2.675,0.374,0.900
533,ctrl-og-15000-T.jpg,6097,255,255,255,0.752,1554735,1554735,1.060,0.944,0.935
534,ctrl-og-15000-T.jpg,4491,255,255,255,0.452,1145205,1145205,3.581,0.279,0.887
535,ctrl-og-15000-T.jpg,7582,255,255,255,0.459,1933410,1933410,2.507,0.399,0.829
536,ctrl-og-15000-T.jpg,3707,255,255,255,0.742,945285,945285,1.587,0.630,0.948
537,ctrl-og-15000-T.jpg,5258,255,255,255,0.645,1340790,1340790,1.358,0.736,0.878
538,ctrl-og-15000-T.jpg,8727,255,255,255,0.665,2225385,2225385,1.569,0.637,0.886
539,ctrl-og-15000-T.jpg,5864,255,255,255,0.485,1495320,1495320,2.042,0.490,0.818
540,ctrl-og-15000-T.jpg,5126,255,255,255,0.707,1307130,1307130,1.390,0.719,0.929
541,ctrl-og-15000-T.jpg,7589,255,255,255,0.762,1935195,1935195,1.502,0.666,0.955
542,ctrl-og-15000-T.jpg,1307,255,255,255,0.684,333285,333285,1.030,0.970,0.888
543,ctrl-og-15000-T.jpg,6484,255,255,255,0.535,1653420,1653420,2.760,0.362,0.895
544,ctrl-og-15000-T.jpg,6427,255,255,255,0.649,1638885,1638885,1.535,0.652,0.894
545,ctrl-og-15000-T.jpg,4056,255,255,255,0.653,1034280,1034280,1.422,0.703,0.892
546,ctrl-og-15000-T.jpg,3490,255,255,255,0.609,889950,889950,1.606,0.623,0.846
547,ctrl-og-15000-T.jpg,5255,255,255,255,0.624,1340025,1340025,1.843,0.543,0.930
548,ctrl-og-15000-T.jpg,22934,255,255,255,0.638,5848170,5848170,1.511,0.662,0.893
549,ctrl-og-15000-T.jpg,4994,255,255,255,0.544,1273470,1273470,1.305,0.766,0.771
550,ctrl-og-15000-T.jpg,9880,255,255,255,0.802,2519400,2519400,1.375,0.727,0.961
551,ctrl-og-15000-T.jpg,4572,255,255,255,0.671,1165860,1165860,1.625,0.615,0.895
552,ctrl-og-15000-T.jpg,12629,255,255,255,0.577,3220395,3220395,1.673,0.598,0.856
553,ctrl-og-15000-T.jpg,3105,255,255,255,0.740,791775,791775,1.429,0.700,0.929
554,ctrl-og-15000-T.jpg,3946,255,255,255,0.561,1006230,1006230,2.613,0.383,0.885
555,ctrl-og-15000-T.jpg,5629,255,255,255,0.596,1435395,1435395,1.649,0.607,0.873
556,ctrl-og-15000-T.jpg,4029,255,255,255,0.677,1027395,1027395,1.990,0.502,0.898
557,ctrl-og-15000-T.jpg,4906,255,255,255,0.849,1251030,1251030,1.127,0.887,0.962
558,ctrl-og-15000-T.jpg,7439,255,255,255,0.751,1896945,1896945,1.153,0.867,0.924
559,ctrl-og-15000-T.jpg,18363,255,255,255,0.603,4682565,4682565,1.081,0.925,0.873
560,ctrl-og-15000-T.jpg,17990,255,255,255,0.749,4587450,4587450,1.082,0.925,0.925
561,ctrl-og-15000-T.jpg,6556,255,255,255,0.629,1671780,1671780,1.227,0.815,0.845
562,ctrl-og-15000-T.jpg,3526,255,255,255,0.756,899130,899130,1.576,0.635,0.948
563,ctrl-og-15000-T.jpg,18570,255,255,255,0.611,4735350,4735350,1.721,0.581,0.873
564,ctrl-og-15000-T.jpg,4075,255,255,255,0.536,1039125,1039125,2.764,0.362,0.911
565,ctrl-og-15000-T.jpg,6041,255,255,255,0.416,1540455,1540455,2.124,0.471,0.768
566,ctrl-og-15000-T.jpg,4708,255,255,255,0.755,1200540,1200540,1.299,0.770,0.912
567,ctrl-og-15000-T.jpg,14031,255,255,255,0.640,3577905,3577905,1.424,0.702,0.877
568,ctrl-og-15000-T.jpg,2660,255,255,255,0.616,678300,678300,2.170,0.461,0.919
569,ctrl-og-15000-T.jpg,5889,255,255,255,0.677,1501695,1501695,1.588,0.630,0.946
570,ctrl-og-15000-T.jpg,11080,255,255,255,0.742,2825400,2825400,1.218,0.821,0.939
571,ctrl-og-15000-T.jpg,6941,255,255,255,0.732,1769955,1769955,1.297,0.771,0.936
572,ctrl-og-15000-T.jpg,4500,255,255,255,0.554,1147500,1147500,2.640,0.379,0.899
573,ctrl-og-15000-T.jpg,27657,255,255,255,0.273,7052535,7052535,2.416,0.414,0.736
574,ctrl-og-15000-T.jpg,3572,255,255,255,0.700,910860,910860,1.211,0.826,0.925
575,ctrl-og-15000-T.jpg,21556,255,255,255,0.608,5496780,5496780,1.274,0.785,0.864
576,ctrl-og-15000-T.jpg,10622,255,255,255,0.684,2708610,2708610,1.223,0.817,0.902
577,ctrl-og-15000-T.jpg,10833,255,255,255,0.586,2762415,2762415,2.154,0.464,0.847
578,ctrl-og-15000-T.jpg,5561,255,255,255,0.653,1418055,1418055,1.953,0.512,0.886
579,ctrl-og-15000-T.jpg,7140,255,255,255,0.741,1820700,1820700,1.353,0.739,0.932
580,ctrl-og-15000-T.jpg,5208,255,255,255,0.627,1328040,1328040,1.397,0.716,0.877
581,ctrl-og-15000-T.jpg,2625,255,255,255,0.455,669375,669375,2.853,0.351,0.857
582,ctrl-og-15000-T.jpg,3487,255,255,255,0.588,889185,889185,1.351,0.740,0.852
583,ctrl-og-15000-T.jpg,4002,255,255,255,0.589,1020510,1020510,1.948,0.513,0.856
584,ctrl-og-15000-T.jpg,8093,255,255,255,0.611,2063715,2063715,1.607,0.622,0.859
585,ctrl-og-15000-T.jpg,7377,255,255,255,0.633,1881135,1881135,1.342,0.745,0.894
586,ctrl-og-15000-T.jpg,3178,255,255,255,0.812,810390,810390,1.090,0.917,0.947
587,ctrl-og-15000-T.jpg,7061,255,255,255,0.648,1800555,1800555,1.395,0.717,0.869
588,ctrl-og-15000-T.jpg,5073,255,255,255,0.485,1293615,1293615,2.213,0.452,0.750
589,ctrl-og-15000-T.jpg,8219,255,255,255,0.191,2095845,2095845,2.273,0.440,0.405
590,ctrl-og-15000-T.jpg,13672,255,255,255,0.727,3486360,3486360,1.180,0.847,0.916
591,ctrl-og-15000-T.jpg,2446,255,255,255,0.545,623730,623730,2.023,0.494,0.842
592,ctrl-og-15000-T.jpg,15300,255,255,255,0.797,3901500,3901500,1.273,0.785,0.959
593,ctrl-og-15000-T.jpg,14376,255,255,255,0.613,3665880,3665880,1.596,0.627,0.875
594,ctrl-og-15000-T.jpg,2982,255,255,255,0.633,760410,760410,2.031,0.492,0.898
595,ctrl-og-15000-T.jpg,8391,255,255,255,0.683,2139705,2139705,1.283,0.779,0.903
596,ctrl-og-15000-T.jpg,4536,255,255,255,0.376,1156680,1156680,2.115,0.473,0.685
597,ctrl-og-15000-T.jpg,4048,255,255,255,0.683,1032240,1032240,1.827,0.547,0.907
598,ctrl-og-15000-T.jpg,4252,255,255,255,0.622,1084260,1084260,1.682,0.595,0.902
599,ctrl-og-15000-T.jpg,6960,255,255,255,0.562,1774800,1774800,2.612,0.383,0.925
600,ctrl-og-15000-T.jpg,10624,255,255,255,0.631,2709120,2709120,1.671,0.599,0.871
601,ctrl-og-15000-T.jpg,3139,255,255,255,0.500,800445,800445,2.583,0.387,0.905
602,ctrl-og-15000-T.jpg,4652,255,255,255,0.364,1186260,1186260,1.301,0.769,0.662
603,ctrl-og-15000-T.jpg,8083,255,255,255,0.772,2061165,2061165,1.632,0.613,0.944
604,ctrl-og-15000-T.jpg,6280,255,255,255,0.525,1601400,1601400,2.467,0.405,0.846
605,ctrl-og-15000-T.jpg,4618,255,255,255,0.531,1177590,1177590,3.072,0.326,0.832
606,ctrl-og-15000-T.jpg,4204,255,255,255,0.420,1072020,1072020,2.219,0.451,0.715
607,ctrl-og-15000-T.jpg,3198,255,255,255,0.619,815490,815490,1.590,0.629,0.873
608,ctrl-og-15000-T.jpg,12168,255,255,255,0.430,3102840,3102840,1.203,0.831,0.674
609,ctrl-og-15000-T.jpg,5209,255,255,255,0.649,1328295,1328295,1.207,0.829,0.873
610,ctrl-og-15000-T.jpg,27597,255,255,255,0.407,7037235,7037235,2.347,0.426,0.834
611,ctrl-og-15000-T.jpg,16874,255,255,255,0.246,4302870,4302870,1.440,0.694,0.571
612,ctrl-og-15000-T.jpg,14840,255,255,255,0.586,3784200,3784200,1.905,0.525,0.875
613,ctrl-og-15000-T.jpg,9880,255,255,255,0.563,2519400,2519400,1.455,0.688,0.851
614,ctrl-og-15000-T.jpg,11256,255,255,255,0.813,2870280,2870280,1.223,0.818,0.947
615,ctrl-og-15000-T.jpg,5294,255,255,255,0.800,1349970,1349970,1.143,0.875,0.941
616,ctrl-og-15000-T.jpg,2746,255,255,255,0.674,700230,700230,1.803,0.555,0.918
617,ctrl-og-15000-T.jpg,2665,255,255,255,0.725,679575,679575,1.205,0.830,0.911
618,ctrl-og-15000-T.jpg,3460,255,255,255,0.596,882300,882300,1.577,0.634,0.876
619,ctrl-og-15000-T.jpg,8807,255,255,255,0.669,2245785,2245785,1.870,0.535,0.903
620,ctrl-og-15000-T.jpg,4697,255,255,255,0.758,1197735,1197735,1.141,0.876,0.927
621,ctrl-og-15000-T.jpg,5803,255,255,255,0.566,1479765,1479765,1.098,0.911,0.848
622,ctrl-og-15000-T.jpg,12946,255,255,255,0.773,3301230,3301230,1.509,0.663,0.963
623,ctrl-og-15000-T.jpg,8352,255,255,255,0.643,2129760,2129760,1.393,0.718,0.874
624,ctrl-og-15000-T.jpg,3011,255,255,255,0.656,767805,767805,1.661,0.602,0.907
625,ctrl-og-15000-T.jpg,15236,255,255,255,0.642,3885180,3885180,1.410,0.709,0.878
626,ctrl-og-15000-T.jpg,9622,255,255,255,0.789,2453610,2453610,1.270,0.787,0.961
627,ctrl-og-15000-T.jpg,4981,255,255,255,0.589,1270155,1270155,2.426,0.412,0.918
628,ctrl-og-15000-T.jpg,2874,255,255,255,0.769,732870,732870,1.564,0.639,0.947
629,ctrl-og-15000-T.jpg,3433,255,255,255,0.610,875415,875415,2.587,0.387,0.921
630,ctrl-og-15000-T.jpg,3734,255,255,255,0.632,952170,952170,1.483,0.674,0.896
631,ctrl-og-15000-T.jpg,8593,255,255,255,0.723,2191215,2191215,1.738,0.575,0.951
632,ctrl-og-15000-T.jpg,19611,255,255,255,0.742,5000805,5000805,1.304,0.767,0.936
633,ctrl-og-15000-T.jpg,9502,255,255,255,0.777,2423010,2423010,1.143,0.875,0.933
634,ctrl-og-15000-T.jpg,9302,255,255,255,0.727,2372010,2372010,1.119,0.894,0.921
635,ctrl-og-15000-T.jpg,4662,255,255,255,0.540,1188810,1188810,2.646,0.378,0.837
636,ctrl-og-15000-T.jpg,6426,255,255,255,0.610,1638630,1638630,2.229,0.449,0.926
637,ctrl-og-15000-T.jpg,6186,255,255,255,0.550,1577430,1577430,1.276,0.784,0.791
638,ctrl-og-15000-T.jpg,10446,255,255,255,0.747,2663730,2663730,1.214,0.824,0.938
639,ctrl-og-15000-T.jpg,10991,255,255,255,0.726,2802705,2802705,1.102,0.907,0.912
640,ctrl-og-15000-T.jpg,3922,255,255,255,0.335,1000110,1000110,1.359,0.736,0.688
641,ctrl-og-15000-T.jpg,7575,255,255,255,0.479,1931625,1931625,3.642,0.275,0.862
